,time,open,high,low,close,volume
0,2020-01-02,7.88,7.94,7.84,7.94,1163109
1,2020-01-03,7.94,8.01,7.91,7.94,1055528
2,2020-01-06,7.94,7.94,7.77,7.77,1286035
3,2020-01-07,7.77,7.84,7.77,7.77,1050934
4,2020-01-08,7.77,7.77,7.6,7.63,2304937
5,2020-01-09,7.67,7.81,7.67,7.74,1422248
6,2020-01-10,7.77,7.98,7.77,7.84,2371501
7,2020-01-13,7.91,7.91,7.84,7.91,1523181
8,2020-01-14,7.91,8.12,7.91,8.12,2851982
9,2020-01-15,8.12,8.12,8.01,8.05,1158657
10,2020-01-16,8.05,8.29,8.05,8.26,2819687
11,2020-01-17,8.29,8.32,8.19,8.22,2706194
12,2020-01-20,8.22,8.53,8.22,8.39,4443379
13,2020-01-21,8.46,8.53,8.39,8.46,1775816
14,2020-01-22,8.5,8.5,8.39,8.46,1574379
15,2020-01-30,8.36,8.39,8.01,8.15,4250097
16,2020-01-31,8.12,8.22,7.91,7.94,4243264
17,2020-02-03,7.7,7.94,7.5,7.81,4430186
18,2020-02-04,7.91,8.01,7.77,8.01,2397062
19,2020-02-05,8.08,8.12,7.91,7.94,2790275
20,2020-02-06,7.98,8.29,7.94,8.29,2980981
21,2020-02-07,8.29,8.32,8.15,8.22,2007251
22,2020-02-10,8.22,8.26,8.08,8.15,1271190
23,2020-02-11,8.15,8.22,8.12,8.19,1862090
24,2020-02-12,8.22,8.88,8.22,8.84,10516207
25,2020-02-13,8.84,8.88,8.67,8.81,3773365
26,2020-02-14,8.81,9.26,8.81,9.12,8018099
27,2020-02-17,9.08,9.22,8.98,9.12,3764464
28,2020-02-18,9.12,9.36,9.08,9.19,6293208
29,2020-02-19,9.15,9.22,8.95,9.08,5091969
30,2020-02-20,9.08,9.33,9.02,9.12,5578717
31,2020-02-21,8.6,9.19,8.6,8.88,6333926
32,2020-02-24,8.81,8.84,8.22,8.29,10321149
33,2020-02-25,8.12,8.67,7.98,8.67,8279866
34,2020-02-26,8.64,8.67,8.39,8.5,4519324
35,2020-02-27,8.36,8.81,8.36,8.81,5309790
36,2020-02-28,7.94,8.74,7.94,8.7,5959642
37,2020-03-02,8.43,8.81,8.43,8.7,3629494
38,2020-03-03,8.84,8.95,8.74,8.84,6364207
39,2020-03-04,8.84,8.91,8.74,8.91,5047583
40,2020-03-05,8.98,9.12,8.77,8.84,5965022
41,2020-03-06,8.81,8.81,8.67,8.74,3959935
42,2020-03-09,8.53,8.53,7.94,8.05,16776046
43,2020-03-10,7.94,8.57,7.91,8.36,7582331
44,2020-03-11,8.39,8.43,7.94,8.08,7841324
45,2020-03-12,7.94,7.94,7.43,7.63,11082125
46,2020-03-13,7.43,7.77,7.08,7.6,9020091
47,2020-03-16,7.6,7.7,7.15,7.22,4614344
48,2020-03-17,7.18,7.39,6.94,7.29,6568088
49,2020-03-18,7.36,7.46,7.22,7.32,4944595
50,2020-03-19,7.25,7.36,7.15,7.29,4083896
51,2020-03-20,8.01,8.01,7.25,7.39,3341564
52,2020-03-23,7.32,7.39,6.67,6.67,10024177
53,2020-03-24,6.6,6.87,6.6,6.77,4315784
54,2020-03-25,6.91,7.18,6.91,7.08,4115341
55,2020-03-26,7.12,7.12,6.8,6.8,3631529
56,2020-03-27,6.8,6.94,6.74,6.8,3980631
57,2020-03-30,6.74,6.74,6.18,6.29,5925098
58,2020-03-31,6.29,6.49,6.01,6.15,4532153
59,2020-04-01,5.56,6.56,5.56,6.42,2761168
60,2020-04-03,6.25,6.7,6.25,6.6,3574343
61,2020-04-06,6.7,7.18,6.6,7.12,5757259
62,2020-04-07,7.25,7.25,6.91,7.01,4467621
63,2020-04-08,7.7,7.7,6.8,6.98,2331536
64,2020-04-09,7.67,7.67,6.91,6.91,4068966
65,2020-04-10,6.56,6.98,6.56,6.84,2517477
66,2020-04-13,6.18,7.05,6.18,6.91,1926793
67,2020-04-14,6.91,6.98,6.8,6.91,3167293
68,2020-04-15,6.91,7.15,6.91,6.98,3686239
69,2020-04-16,6.98,7.05,6.94,7.05,1895213
70,2020-04-17,7.08,7.29,7.08,7.25,4809341
71,2020-04-20,7.32,7.32,7.12,7.15,3064104
72,2020-04-21,7.12,7.12,6.8,6.84,6015799
73,2020-04-22,6.84,7.05,6.7,7.05,2637424
74,2020-04-23,7.08,7.18,7.01,7.01,2076603
75,2020-04-24,6.98,7.05,6.91,7.01,1264729
76,2020-04-27,7.01,7.12,6.91,6.94,1806851
77,2020-04-28,6.94,7.05,6.91,7.01,1246915
78,2020-04-29,7.01,7.08,6.98,7.08,1196049
79,2020-05-04,7.08,7.08,6.94,7.01,1193939
80,2020-05-05,6.98,7.05,6.98,7.01,1126770
81,2020-05-06,7.05,7.32,6.98,7.18,4453036
82,2020-05-07,7.22,7.32,7.18,7.32,2973997
83,2020-05-08,7.36,7.56,7.25,7.39,5995918
84,2020-05-11,7.56,7.56,7.39,7.5,4108808
85,2020-05-12,7.5,7.6,7.39,7.53,4057939
86,2020-05-13,7.6,7.6,7.43,7.5,3453900
87,2020-05-14,7.5,7.53,7.39,7.39,3827622
88,2020-05-15,7.43,7.67,7.39,7.5,6937907
89,2020-05-18,7.56,7.56,7.39,7.53,2771622
90,2020-05-19,7.6,7.77,7.6,7.67,5561531
91,2020-05-20,7.63,7.74,7.6,7.67,3116422
92,2020-05-21,7.67,7.84,7.56,7.74,4622625
93,2020-05-22,7.77,7.84,7.7,7.74,4841440
94,2020-05-25,7.77,7.84,7.7,7.81,3519682
95,2020-05-26,7.77,8.12,7.77,8.05,5267006
96,2020-05-27,8.12,8.19,7.88,7.88,6389497
97,2020-05-28,7.88,8.01,7.88,7.91,3568932
98,2020-05-29,7.91,7.94,7.84,7.91,2394358
99,2020-06-01,7.94,8.67,7.91,8.67,13859688
100,2020-06-02,8.81,9.15,8.57,8.57,10935462
101,2020-06-03,8.57,8.81,8.57,8.81,3758964
102,2020-06-04,8.84,8.88,8.7,8.74,5159832
103,2020-06-05,8.77,8.77,8.6,8.7,4025847
104,2020-06-08,8.7,8.98,8.7,8.77,6087882
105,2020-06-09,8.81,8.84,8.7,8.81,3531851
106,2020-06-10,8.81,8.95,8.7,8.84,6494275
107,2020-06-11,8.84,8.91,8.43,8.46,9172138
108,2020-06-12,8.29,8.46,8.08,8.46,6648375
109,2020-06-15,8.53,8.53,8.01,8.05,5885937
110,2020-06-16,8.15,8.36,8.15,8.22,4198360
111,2020-06-17,8.39,8.39,8.12,8.19,1599340
112,2020-06-18,8.19,8.26,8.08,8.22,1301526
113,2020-06-19,8.22,8.46,8.22,8.43,2334941
114,2020-06-22,8.43,8.53,8.29,8.32,2256643
115,2020-06-23,8.36,8.43,8.26,8.29,3282364
116,2020-06-24,8.29,8.39,8.19,8.22,3013466
117,2020-06-25,8.19,8.22,8.12,8.19,2500893
118,2020-06-26,8.22,8.29,8.15,8.15,1400341
119,2020-06-29,8.15,8.15,7.84,7.91,4353272
120,2020-06-30,7.94,8.05,7.74,7.88,3585625
121,2020-07-01,7.88,8.05,7.88,8.01,1676001
122,2020-07-02,8.01,8.08,7.94,7.98,1070089
123,2020-07-03,8.01,8.05,7.94,7.94,1271360
124,2020-07-06,7.94,8.19,7.94,8.15,3204367
125,2020-07-07,8.19,8.29,8.19,8.19,2389942
126,2020-07-08,8.15,8.29,8.15,8.26,1647694
127,2020-07-09,8.26,8.39,8.26,8.39,2248695
128,2020-07-10,8.39,8.43,8.22,8.29,2284971
129,2020-07-13,8.32,8.36,8.22,8.26,1840084
130,2020-07-14,8.26,8.32,8.19,8.29,1406915
131,2020-07-15,8.36,8.36,8.29,8.29,1570073
132,2020-07-16,8.36,8.36,8.26,8.29,903322
133,2020-07-17,8.32,8.64,8.29,8.57,7890281
134,2020-07-20,8.57,8.6,8.46,8.46,2622350
135,2020-07-21,8.46,8.5,8.36,8.5,2194410
136,2020-07-22,8.5,8.57,8.36,8.43,1726317
137,2020-07-23,8.43,8.43,8.29,8.36,1955757
138,2020-07-24,8.39,8.39,7.77,8.01,5532575
139,2020-07-27,7.22,7.91,7.22,7.53,6240477
140,2020-07-28,7.53,7.91,7.43,7.91,2598740
141,2020-07-29,7.84,7.88,7.46,7.67,4929532
142,2020-07-30,7.5,7.81,7.5,7.81,1914488
143,2020-07-31,7.84,7.84,7.63,7.77,2220749
144,2020-08-03,7.63,8.01,7.63,8.01,3044620
145,2020-08-04,8.05,8.26,8.05,8.19,2907562
146,2020-08-05,8.26,8.43,8.19,8.29,5472736
147,2020-08-06,8.32,8.32,8.19,8.22,1874899
148,2020-08-07,8.26,8.32,8.12,8.19,2150978
149,2020-08-10,8.19,8.32,8.19,8.22,2576760
150,2020-08-11,8.29,8.77,8.26,8.77,15333430
151,2020-08-12,8.91,8.95,8.7,8.77,6091725
152,2020-08-13,8.77,8.84,8.74,8.81,3803166
153,2020-08-14,8.81,8.81,8.64,8.74,6682494
154,2020-08-17,8.74,8.91,8.7,8.91,6222301
155,2020-08-18,8.98,9.02,8.84,8.84,4710796
156,2020-08-19,8.88,8.91,8.77,8.84,9263369
157,2020-08-20,9.25,9.52,8.98,9.34,19475136
158,2020-08-21,9.34,9.52,9.25,9.52,7392791
159,2020-08-24,9.52,9.65,9.43,9.43,6821518
160,2020-08-25,9.43,9.52,9.34,9.48,7801079
161,2020-08-26,9.48,9.56,9.39,9.52,6018699
162,2020-08-27,9.52,9.65,9.48,9.65,4863627
163,2020-08-28,9.7,9.79,9.56,9.61,6947593
164,2020-08-31,9.61,9.65,9.48,9.52,7008237
165,2020-09-01,9.52,9.56,9.43,9.48,7822064
166,2020-09-03,9.48,9.61,9.43,9.52,6080561
167,2020-09-04,9.43,9.52,9.34,9.48,4665691
168,2020-09-07,9.48,9.52,9.34,9.34,6067374
169,2020-09-08,9.34,9.39,9.25,9.25,12273484
170,2020-09-09,9.25,9.39,9.12,9.39,5021412
171,2020-09-10,9.39,9.52,9.39,9.39,3249267
172,2020-09-11,9.39,9.43,9.3,9.34,2350091
173,2020-09-14,9.34,9.56,9.34,9.52,5275848
174,2020-09-15,9.52,9.61,9.48,9.56,4632880
175,2020-09-16,9.52,9.56,9.48,9.52,2194115
176,2020-09-17,9.56,9.79,9.48,9.65,12323866
177,2020-09-18,9.65,9.74,9.61,9.74,3280690
178,2020-09-21,9.79,10.01,9.7,9.88,7244851
179,2020-09-22,9.88,10.01,9.74,10.01,8818518
180,2020-09-23,10.01,10.24,10.01,10.1,6511427
181,2020-09-24,10.06,10.15,9.88,9.97,5599785
182,2020-09-25,9.97,10.06,9.83,9.97,6416344
183,2020-09-28,9.97,10.24,9.97,10.15,8207740
184,2020-09-29,10.19,10.24,10.01,10.06,5923046
185,2020-09-30,10.06,10.1,9.97,10.1,3624221
186,2020-10-01,10.01,10.24,9.97,10.1,6510267
187,2020-10-02,10.06,10.55,10.06,10.33,23518516
188,2020-10-05,10.33,10.6,10.28,10.6,12875000
189,2020-10-06,10.6,10.87,10.6,10.78,10965000
190,2020-10-07,10.78,10.82,10.46,10.51,17681800
191,2020-10-08,10.42,10.64,10.33,10.42,13890500
192,2020-10-09,10.42,10.69,10.37,10.55,8717300
193,2020-10-12,10.64,10.69,10.46,10.46,8642000
194,2020-10-13,10.51,10.51,10.37,10.51,5319900
195,2020-10-14,10.55,10.82,10.51,10.78,20284500
196,2020-10-15,10.78,11.14,10.73,11.0,16334800
197,2020-10-16,11.0,11.23,10.87,11.09,8711000
198,2020-10-19,11.23,11.54,11.18,11.36,14148600
199,2020-10-20,11.41,11.5,11.23,11.36,11356300
200,2020-10-21,11.41,11.5,11.32,11.32,8864800
201,2020-10-22,11.36,11.68,11.23,11.5,9439500
202,2020-10-23,11.59,11.63,11.45,11.5,8023000
203,2020-10-26,11.5,11.59,11.14,11.14,11660700
204,2020-10-27,11.09,11.18,10.96,10.96,11720500
205,2020-10-28,10.96,11.0,10.64,10.69,14911600
206,2020-10-29,10.6,10.91,10.42,10.73,8510000
207,2020-10-30,10.82,10.91,10.69,10.82,4392700
208,2020-11-02,10.87,11.0,10.78,11.0,3775100
209,2020-11-03,11.0,11.32,11.0,11.23,7704400
210,2020-11-04,11.27,11.54,11.27,11.45,12599900
211,2020-11-05,11.45,11.54,11.18,11.18,8546200
212,2020-11-06,11.18,11.27,11.14,11.27,3669400
213,2020-11-09,11.27,11.45,11.27,11.41,5897700
214,2020-11-10,11.54,11.68,11.36,11.36,8852600
215,2020-11-11,11.36,11.45,11.32,11.41,4525100
216,2020-11-12,11.41,11.86,11.41,11.86,18943100
217,2020-11-13,11.86,11.99,11.81,11.9,6222800
218,2020-11-16,11.9,12.03,11.77,11.77,8979100
219,2020-11-17,11.77,12.21,11.77,12.21,16771100
220,2020-11-18,12.21,12.44,12.08,12.21,7919600
221,2020-11-19,12.26,12.35,12.12,12.21,6411600
222,2020-11-20,12.26,12.3,12.03,12.26,9590800
223,2020-11-23,12.35,12.39,12.12,12.26,10891200
224,2020-11-24,12.26,12.48,12.17,12.26,10353900
225,2020-11-25,12.26,12.39,12.17,12.26,6484600
226,2020-11-26,12.26,12.44,12.12,12.3,10030200
227,2020-11-27,12.35,12.39,12.21,12.21,5460400
228,2020-11-30,12.3,12.3,12.12,12.21,8939000
229,2020-12-01,12.21,12.26,12.03,12.26,9242900
230,2020-12-09,12.62,13.0,12.48,12.82,24200930
231,2020-12-10,12.93,12.93,12.53,12.55,9233750
232,2020-12-11,12.62,12.69,12.48,12.66,4459820
233,2020-12-14,12.71,12.8,12.62,12.66,7325960
234,2020-12-15,12.66,12.69,12.53,12.57,7305490
235,2020-12-16,12.6,12.78,12.57,12.69,10461450
236,2020-12-17,12.62,12.96,12.6,12.71,13567290
237,2020-12-18,12.78,12.87,12.71,12.75,11693630
238,2020-12-21,12.8,13.16,12.73,13.0,22481640
239,2020-12-22,13.0,13.02,12.84,12.91,7573290
240,2020-12-23,12.93,12.96,12.57,12.62,11216860
241,2020-12-24,12.62,12.71,11.9,12.26,15831250
242,2020-12-25,12.26,12.57,12.21,12.55,9194080
243,2020-12-28,12.71,12.71,12.42,12.48,6223680
244,2020-12-29,12.48,12.55,12.39,12.44,6501920
245,2020-12-30,12.46,12.66,12.46,12.48,6741290
246,2020-12-31,12.53,12.71,12.51,12.62,6774680
247,2021-01-04,12.82,12.96,12.8,12.87,10776300
248,2021-01-05,12.84,13.29,12.71,13.18,18693900
249,2021-01-06,13.34,13.74,13.16,13.43,15883900
250,2021-01-07,13.45,13.47,13.29,13.43,11636100
251,2021-01-08,13.45,13.65,13.38,13.56,15519300
252,2021-01-11,13.7,13.88,13.54,13.63,9821800
253,2021-01-12,13.58,13.61,13.45,13.52,9277600
254,2021-01-13,13.61,13.63,13.34,13.4,9915300
255,2021-01-14,13.43,13.43,13.11,13.4,8491200
256,2021-01-15,13.47,13.65,13.45,13.58,8184100
257,2021-01-18,13.63,13.7,13.43,13.45,8419100
258,2021-01-19,13.38,13.43,12.53,12.53,13077400
259,2021-01-20,12.57,12.71,11.81,12.71,12323000
260,2021-01-21,12.96,13.07,12.73,13.0,6535000
261,2021-01-22,12.98,13.07,12.8,12.87,5438100
262,2021-01-25,12.71,12.8,12.6,12.62,7683600
263,2021-01-26,12.6,12.87,12.35,12.48,8096200
264,2021-01-27,12.48,12.73,12.21,12.35,6387700
265,2021-01-28,11.68,11.99,11.5,11.5,15154800
266,2021-01-29,11.0,12.08,11.0,12.03,7621200
267,2021-02-01,12.03,12.3,11.81,11.97,7528200
268,2021-02-02,11.97,12.3,11.83,12.28,6544600
269,2021-02-03,12.28,12.66,12.21,12.62,7054500
270,2021-02-04,12.62,12.66,12.48,12.66,4250800
271,2021-02-05,12.66,12.87,12.64,12.8,5610600
272,2021-02-08,12.8,12.91,12.21,12.35,5755400
273,2021-02-09,12.35,12.82,12.26,12.82,5954800
274,2021-02-17,12.93,13.25,12.89,13.2,6855800
275,2021-02-18,13.2,13.22,12.93,13.09,5547900
276,2021-02-19,13.02,13.99,12.98,13.97,31184200
277,2021-02-22,14.12,14.46,13.97,14.19,12587300
278,2021-02-23,14.3,14.48,14.12,14.24,13951000
279,2021-02-24,14.24,14.3,13.92,14.01,18685200
280,2021-02-25,14.15,14.57,13.97,14.55,15014200
281,2021-02-26,14.32,14.98,14.32,14.84,13071400
282,2021-03-01,15.0,15.02,14.77,14.93,8464900
283,2021-03-02,15.0,15.02,14.73,14.82,9574100
284,2021-03-03,14.77,15.02,14.68,14.93,9072300
285,2021-03-04,15.0,15.0,14.39,14.55,9814000
286,2021-03-05,14.41,14.64,14.19,14.57,10157000
287,2021-03-08,14.59,14.68,14.17,14.28,16047000
288,2021-03-09,14.1,14.5,13.97,14.39,8819900
289,2021-03-10,14.41,14.91,14.32,14.71,12152700
290,2021-03-11,14.82,14.86,14.71,14.82,7124300
291,2021-03-12,14.82,14.84,14.66,14.8,5195500
292,2021-03-15,14.82,15.2,14.64,15.04,18052500
293,2021-03-16,15.0,15.13,14.84,15.02,6112900
294,2021-03-17,15.0,15.07,14.91,15.04,6246400
295,2021-03-18,15.22,15.38,15.04,15.25,10281900
296,2021-03-19,15.22,15.36,15.13,15.18,7108900
297,2021-03-22,15.29,15.31,14.98,15.0,8706000
298,2021-03-23,15.07,15.07,14.73,14.82,10347000
299,2021-03-24,14.55,14.71,14.39,14.57,9941600
300,2021-03-25,14.59,14.64,14.32,14.39,8322000
301,2021-03-26,14.37,14.57,14.08,14.57,7931700
302,2021-03-29,14.77,14.86,14.55,14.82,6981300
303,2021-03-30,14.86,15.04,14.71,14.95,8053200
304,2021-03-31,15.04,15.18,14.93,14.95,4986100
305,2021-04-01,15.02,15.2,14.95,15.2,10439300
306,2021-04-02,15.36,15.72,15.27,15.56,13979400
307,2021-04-05,15.76,15.85,15.54,15.6,7433500
308,2021-04-06,15.58,15.69,15.34,15.6,7565000
309,2021-04-07,15.49,15.58,15.4,15.45,6400900
310,2021-04-08,15.43,15.58,15.36,15.45,4687900
311,2021-04-09,15.43,15.54,15.36,15.45,5401500
312,2021-04-12,15.54,15.81,15.47,15.78,12513500
313,2021-04-13,15.87,15.94,15.45,15.54,8736000
314,2021-04-14,15.4,15.6,15.34,15.54,5073300
315,2021-04-15,15.56,15.58,15.18,15.2,9686700
316,2021-04-16,15.18,15.29,14.68,14.86,8403400
317,2021-04-19,15.04,15.16,14.73,15.13,4291900
318,2021-04-20,15.27,15.45,14.91,15.09,7166900
319,2021-04-22,15.04,15.09,14.59,14.59,7843500
320,2021-04-23,14.55,15.02,14.41,15.0,6687700
321,2021-04-26,15.0,15.0,14.64,14.95,7119100
322,2021-04-27,14.82,15.27,14.66,15.27,6393000
323,2021-04-28,15.04,15.4,15.0,15.18,5675200
324,2021-04-29,15.18,15.56,15.09,15.56,16646300
325,2021-05-04,15.27,15.6,15.04,15.47,9333200
326,2021-05-05,15.54,16.1,15.54,15.85,17558400
327,2021-05-06,15.85,15.87,15.56,15.63,7783800
328,2021-05-07,15.49,15.9,15.49,15.81,12059100
329,2021-05-10,15.83,16.32,15.81,16.26,13491300
330,2021-05-11,16.35,16.35,16.08,16.08,9777000
331,2021-05-12,15.96,16.23,15.9,16.23,8991300
332,2021-05-13,16.08,16.59,16.03,16.26,11724300
333,2021-05-14,16.35,16.48,16.19,16.37,6118400
334,2021-05-17,16.62,16.7,16.37,16.41,9278700
335,2021-05-18,16.44,16.44,16.12,16.28,7881100
336,2021-05-19,16.26,16.48,16.12,16.44,8143500
337,2021-05-20,16.44,16.84,16.44,16.79,12263200
338,2021-05-21,16.79,17.2,16.75,16.84,9146500
339,2021-05-24,17.0,17.0,16.73,16.84,7546600
340,2021-05-25,16.84,17.18,16.75,17.06,8757400
341,2021-05-26,17.09,17.36,17.09,17.27,9976000
342,2021-05-27,17.29,17.58,17.02,17.15,9551700
343,2021-05-28,17.18,17.47,17.09,17.47,9416000
344,2021-05-31,17.74,18.61,17.51,18.59,16030300
345,2021-06-01,19.08,19.26,18.86,18.91,11159800
346,2021-06-02,19.15,20.03,19.08,20.03,16009600
347,2021-06-03,20.79,20.79,20.03,20.61,12265700
348,2021-06-04,20.21,20.61,20.21,20.34,9488100
349,2021-06-07,20.16,20.16,18.97,19.31,18505000
350,2021-06-08,19.11,19.49,18.05,18.05,14322800
351,2021-06-09,18.05,19.13,17.96,19.06,12565100
352,2021-06-10,19.37,19.84,19.14,19.14,14000300
353,2021-06-11,19.31,19.7,18.97,19.45,9532300
354,2021-06-14,19.45,19.59,19.0,19.14,10946100
355,2021-06-15,19.14,20.32,18.8,19.84,18178200
356,2021-06-16,19.84,19.9,19.37,19.48,8211200
357,2021-06-17,19.08,19.65,18.92,19.59,6392600
358,2021-06-18,19.76,19.93,19.59,19.65,9215200
359,2021-06-21,19.59,19.76,19.45,19.51,5447600
360,2021-06-22,19.76,20.21,19.56,20.01,14872000
361,2021-06-23,20.15,20.43,20.04,20.1,10244600
362,2021-06-24,20.21,20.46,19.98,20.32,11494200
363,2021-06-25,20.32,20.54,20.24,20.4,7934000
364,2021-06-28,20.6,20.66,20.38,20.6,7937700
365,2021-06-29,20.71,20.74,20.46,20.46,6677700
366,2021-06-30,20.4,20.49,19.98,20.04,9628000
367,2021-07-01,19.95,20.32,19.7,20.18,10393200
368,2021-07-02,20.38,20.43,20.21,20.26,6407100
369,2021-07-05,20.38,21.39,20.15,21.3,16668600
370,2021-07-06,21.33,21.44,20.21,20.21,10070000
371,2021-07-07,20.21,20.71,19.7,20.52,10121600
372,2021-07-08,20.52,20.88,20.21,20.32,7351900
373,2021-07-09,20.21,20.54,19.08,19.76,11315400
374,2021-07-12,19.37,19.51,18.38,18.38,18353700
375,2021-07-13,18.69,18.69,18.13,18.47,6672200
376,2021-07-14,18.47,18.52,17.46,17.82,10810500
377,2021-07-15,17.63,18.5,17.6,18.38,5095400
378,2021-07-16,18.61,18.86,18.41,18.86,5918800
379,2021-07-19,18.47,18.61,17.93,18.05,10019200
380,2021-07-20,18.24,19.03,17.96,19.03,8563400
381,2021-07-21,19.11,19.37,18.94,18.97,8179300
382,2021-07-22,18.97,19.31,18.64,19.14,7161900
383,2021-07-23,19.03,19.17,18.52,18.52,7433000
384,2021-07-26,18.3,18.58,17.99,18.36,7528400
385,2021-07-27,18.55,18.8,18.52,18.61,5634700
386,2021-07-28,18.64,18.86,18.55,18.61,4846400
387,2021-07-29,18.78,19.2,18.69,19.17,7638000
388,2021-07-30,19.25,20.29,19.25,20.29,35156000
389,2021-08-02,19.93,20.21,19.84,19.95,8646400
390,2021-08-03,19.9,20.1,19.65,20.1,8766300
391,2021-08-04,20.21,20.21,19.81,19.93,8466500
392,2021-08-05,19.84,20.26,19.81,20.21,13787200
393,2021-08-06,20.26,20.29,19.9,19.95,8620800
394,2021-08-09,19.87,20.68,19.73,20.49,19240200
395,2021-08-10,20.66,20.68,20.32,20.49,10457700
396,2021-08-11,20.49,20.63,20.21,20.21,16492300
397,2021-08-12,20.1,20.21,19.81,19.81,12147100
398,2021-08-13,19.76,19.9,19.25,19.84,15125200
399,2021-08-16,19.84,20.21,19.53,20.04,12056700
400,2021-08-17,20.21,20.32,19.87,19.98,8743100
401,2021-08-18,19.9,20.1,19.81,19.95,7096100
402,2021-08-19,19.93,19.95,19.62,19.81,9370500
403,2021-08-20,19.81,19.84,18.55,18.86,20952900
404,2021-08-23,18.8,18.86,17.96,17.96,15602700
405,2021-08-24,17.96,18.24,17.79,18.13,9084200
406,2021-08-25,18.07,18.24,17.91,18.21,4865700
407,2021-08-26,18.27,18.3,17.85,17.93,4944800
408,2021-08-27,17.79,17.88,17.29,17.82,8069600
409,2021-08-30,17.85,18.19,17.74,18.05,8029600
410,2021-08-31,18.24,18.3,17.96,17.96,5528600
411,2021-09-01,17.96,18.38,17.93,17.96,8715300
412,2021-09-06,18.07,18.13,17.93,17.99,7383200
413,2021-09-07,18.19,18.38,18.07,18.24,7963700
414,2021-09-08,18.24,18.38,18.02,18.05,4752900
415,2021-09-09,17.96,18.21,17.93,18.21,3431900
416,2021-09-10,18.24,18.27,18.1,18.13,4101100
417,2021-09-13,18.13,18.13,17.91,17.91,5199800
418,2021-09-14,17.88,17.96,17.68,17.68,4511400
419,2021-09-15,17.68,17.68,17.49,17.51,4979200
420,2021-09-16,17.54,17.71,17.51,17.57,3455500
421,2021-09-17,17.74,17.85,17.6,17.74,4572300
422,2021-09-20,17.96,18.13,17.88,18.02,6387800
423,2021-09-21,17.85,17.96,17.65,17.85,3882100
424,2021-09-22,17.85,17.96,17.74,17.74,2681700
425,2021-09-23,17.79,17.85,17.68,17.74,4210800
426,2021-09-24,17.85,18.05,17.74,17.96,6688700
427,2021-09-27,18.07,18.19,17.68,17.68,4801300
428,2021-09-28,17.68,17.82,17.63,17.74,2517400
429,2021-09-29,17.74,17.79,17.49,17.6,3615100
430,2021-09-30,17.6,17.74,17.57,17.71,4394800
431,2021-10-01,17.68,17.71,17.46,17.68,6441900
432,2021-10-04,17.57,17.63,17.18,17.4,5659000
433,2021-10-05,17.4,17.68,17.4,17.68,2912300
434,2021-10-06,17.71,17.77,17.46,17.6,3321300
435,2021-10-07,17.68,17.68,17.51,17.51,2161800
436,2021-10-08,17.63,17.71,17.54,17.65,3480900
437,2021-10-11,17.74,18.3,17.74,18.3,6684100
438,2021-10-12,18.47,18.47,18.19,18.3,3385300
439,2021-10-13,18.3,18.47,18.24,18.3,3709300
440,2021-10-14,18.3,18.36,18.07,18.13,4521600
441,2021-10-15,18.24,18.27,18.02,18.07,2976800
442,2021-10-18,18.16,18.3,17.96,17.96,4543400
443,2021-10-19,18.19,18.19,17.91,18.13,3615400
444,2021-10-20,18.13,18.33,17.85,18.13,3846400
445,2021-10-21,18.13,18.13,17.82,17.82,4132200
446,2021-10-22,17.91,17.93,17.65,17.74,3827100
447,2021-10-25,17.79,17.79,17.46,17.54,5200400
448,2021-10-26,17.54,17.54,17.29,17.46,5259100
449,2021-10-27,17.49,17.85,17.49,17.63,5828200
450,2021-10-28,17.77,17.88,17.68,17.88,4649100
451,2021-10-29,17.88,18.52,17.82,18.52,13597100
452,2021-11-01,18.41,18.47,18.19,18.36,5293300
453,2021-11-02,18.36,18.61,18.27,18.61,7009200
454,2021-11-03,18.69,19.14,18.66,19.0,13060100
455,2021-11-04,19.11,19.11,18.78,18.8,4197400
456,2021-11-05,18.97,18.97,18.69,18.8,3967400
457,2021-11-08,18.8,18.89,18.64,18.75,5385300
458,2021-11-09,18.75,18.97,18.72,18.78,5047900
459,2021-11-10,18.8,18.83,18.61,18.75,4367400
460,2021-11-11,18.69,18.83,18.24,18.52,7129400
461,2021-11-12,18.52,18.72,18.33,18.72,4376100
462,2021-11-15,18.75,18.86,18.66,18.75,4878900
463,2021-11-16,18.72,18.75,18.41,18.61,5211500
464,2021-11-17,18.61,18.8,18.41,18.69,4360500
465,2021-11-18,18.8,18.8,18.24,18.24,5497600
466,2021-11-19,18.36,19.03,18.27,18.78,9794000
467,2021-11-22,18.8,19.53,18.52,19.17,9151000
468,2021-11-23,19.23,19.25,18.92,19.06,3839600
469,2021-11-24,19.03,19.9,18.94,19.84,14295800
470,2021-11-25,19.93,19.95,19.62,19.73,7083400
471,2021-11-26,19.73,19.81,19.42,19.42,6209000
472,2021-11-29,18.97,19.25,18.97,19.17,6095500
473,2021-11-30,19.31,19.37,18.64,18.69,6145400
474,2021-12-01,18.58,18.8,18.55,18.8,3620400
475,2021-12-02,18.86,18.86,18.64,18.64,2645000
476,2021-12-03,18.75,18.83,18.27,18.27,4916300
477,2021-12-06,18.13,18.41,17.77,18.13,6499000
478,2021-12-07,18.24,18.5,18.02,18.5,2827600
479,2021-12-08,18.33,18.75,18.27,18.58,2900500
480,2021-12-09,18.52,18.69,18.41,18.69,2156000
481,2021-12-10,18.64,18.86,18.58,18.75,4730500
482,2021-12-13,18.83,18.97,18.69,18.75,3012700
483,2021-12-14,18.69,18.8,18.58,18.69,2128100
484,2021-12-15,18.58,18.83,18.55,18.75,2122900
485,2021-12-16,18.8,18.83,18.52,18.52,2305800
486,2021-12-17,18.61,18.69,18.55,18.64,2403500
487,2021-12-20,18.64,18.69,18.44,18.58,3296100
488,2021-12-21,18.5,18.5,18.41,18.41,2420400
489,2021-12-22,18.33,18.5,18.33,18.36,3385200
490,2021-12-23,18.3,18.33,17.96,18.24,4135300
491,2021-12-24,18.24,18.61,18.07,18.52,4372600
492,2021-12-27,18.69,18.69,18.47,18.61,2459500
493,2021-12-28,18.61,18.94,18.55,18.89,3477400
494,2021-12-29,19.0,19.2,18.92,18.97,3817200
495,2021-12-30,18.92,19.08,18.8,19.03,1819600
496,2021-12-31,19.08,19.39,19.08,19.37,5651800
497,2022-01-04,19.53,19.53,19.23,19.31,4555000
498,2022-01-05,19.28,19.28,18.89,18.92,5934500
499,2022-01-06,18.8,19.08,18.58,18.94,5673700
500,2022-01-07,19.03,19.06,18.69,18.69,3323800
501,2022-01-10,18.52,18.75,18.5,18.52,5693200
502,2022-01-11,18.52,18.55,18.36,18.38,6395100
503,2022-01-12,18.36,18.83,18.27,18.58,7789000
504,2022-01-13,18.89,19.23,18.61,18.72,6511900
505,2022-01-14,18.72,18.78,18.52,18.55,1941100
506,2022-01-17,18.58,18.89,18.38,18.38,7284700
507,2022-01-18,18.38,18.55,18.13,18.41,4272600
508,2022-01-19,18.41,18.69,18.41,18.52,2104000
509,2022-01-20,18.52,18.61,18.36,18.5,3415900
510,2022-01-21,18.5,19.08,18.47,18.78,4404000
511,2022-01-24,18.8,19.59,18.8,19.28,13185100
512,2022-01-25,19.28,19.67,19.28,19.56,4282700
513,2022-01-26,19.65,20.18,19.65,19.9,8494500
514,2022-01-27,19.87,19.87,19.39,19.59,6064400
515,2022-01-28,19.59,19.65,19.31,19.39,10258100
516,2022-02-07,19.65,19.73,19.45,19.48,4548000
517,2022-02-08,19.48,20.21,19.48,20.07,32461200
518,2022-02-09,20.15,20.18,19.93,19.98,10149700
519,2022-02-10,19.98,20.1,19.84,19.95,7632500
520,2022-02-11,19.81,20.4,19.79,20.04,9575200
521,2022-02-14,19.87,19.98,19.08,19.08,13153200
522,2022-02-15,19.11,19.37,19.08,19.37,6631900
523,2022-02-16,19.48,19.48,19.08,19.2,5099500
524,2022-02-17,19.17,19.34,19.14,19.25,3913100
525,2022-02-18,19.14,19.23,18.92,19.0,7318400
526,2022-02-21,19.03,19.31,18.83,19.31,7285100
527,2022-02-22,19.08,19.48,18.86,19.48,8094700
528,2022-02-23,19.53,19.7,19.42,19.42,5857600
529,2022-02-24,19.28,19.42,18.78,19.34,8892700
530,2022-02-25,19.37,19.51,19.25,19.28,5508400
531,2022-02-28,19.25,19.28,19.03,19.03,3857100
532,2022-03-01,19.08,19.08,18.83,19.0,5610900
533,2022-03-02,18.92,19.08,18.47,18.47,13881600
534,2022-03-03,18.52,18.78,18.47,18.78,8167100
535,2022-03-04,18.75,19.25,18.52,19.25,6925100
536,2022-03-07,18.8,18.97,18.61,18.66,4694500
537,2022-03-08,18.52,18.64,18.27,18.3,7221800
538,2022-03-09,18.38,18.5,18.19,18.36,4172000
539,2022-03-10,18.52,18.75,18.47,18.47,2199800
540,2022-03-11,18.41,18.5,18.3,18.36,2714900
541,2022-03-14,18.24,18.41,18.21,18.36,2724900
542,2022-03-15,18.41,18.61,18.36,18.41,2750200
543,2022-03-16,18.47,18.55,18.33,18.41,3294200
544,2022-03-17,18.61,18.64,18.41,18.41,2620300
545,2022-03-18,18.52,18.58,18.41,18.41,2597000
546,2022-03-21,18.47,18.52,18.36,18.5,3302500
547,2022-03-22,18.52,18.75,18.52,18.69,3324000
548,2022-03-23,18.64,18.75,18.61,18.64,2060000
549,2022-03-24,18.55,18.64,18.44,18.47,2873100
550,2022-03-25,18.47,18.61,18.36,18.36,3338200
551,2022-03-28,18.36,18.41,18.13,18.16,4875800
552,2022-03-29,18.21,18.33,18.13,18.16,3664900
553,2022-03-30,18.19,18.47,18.13,18.3,4154500
554,2022-03-31,18.36,18.64,18.3,18.55,5523400
555,2022-04-01,18.55,18.75,18.52,18.75,5865500
556,2022-04-04,18.86,18.92,18.75,18.8,4794400
557,2022-04-05,18.75,18.75,18.5,18.52,4508400
558,2022-04-06,18.44,18.69,18.38,18.64,4156600
559,2022-04-07,18.75,19.17,18.66,18.86,9648900
560,2022-04-08,18.92,19.08,18.89,19.0,8904400
561,2022-04-12,19.0,19.0,18.72,18.78,4923200
562,2022-04-13,18.8,19.0,18.69,18.89,5053900
563,2022-04-14,18.89,19.17,18.86,18.97,4900700
564,2022-04-15,18.97,19.08,18.78,18.83,5388100
565,2022-04-18,18.8,18.86,18.41,18.41,5946400
566,2022-04-19,18.3,18.41,17.74,17.77,5244400
567,2022-04-20,17.79,18.07,17.77,17.91,4490500
568,2022-04-21,17.96,18.24,17.68,17.68,5899800
569,2022-04-22,17.79,18.3,17.79,18.13,5188800
570,2022-04-25,18.13,18.21,17.12,17.12,8242600
571,2022-04-26,17.12,17.54,16.84,17.34,6106000
572,2022-04-27,17.23,17.51,17.01,17.34,2831800
573,2022-04-28,17.18,17.51,17.18,17.4,1503700
574,2022-04-29,17.4,18.36,17.26,18.36,4640900
575,2022-05-04,18.1,18.24,17.82,17.82,2060200
576,2022-05-05,18.13,18.13,17.57,17.79,3209000
577,2022-05-06,17.51,17.85,17.32,17.4,1920300
578,2022-05-09,17.4,17.4,16.67,17.18,5176200
579,2022-05-10,17.01,17.4,16.78,17.29,3850100
580,2022-05-11,17.29,17.74,17.18,17.74,2319300
581,2022-05-12,17.23,17.54,16.56,16.56,3128000
582,2022-05-13,16.78,17.01,15.44,15.44,6142600
583,2022-05-16,15.52,16.11,15.44,15.49,5137600
584,2022-05-17,15.49,16.47,15.44,16.42,2617900
585,2022-05-18,16.67,16.7,16.17,16.25,3521100
586,2022-05-19,15.94,16.28,15.77,16.05,1856400
587,2022-05-20,16.05,16.45,16.05,16.31,1936000
588,2022-05-23,16.33,16.45,15.89,15.97,1187500
589,2022-05-24,16.17,16.17,15.8,16.17,1574100
590,2022-05-25,16.17,16.84,16.17,16.84,3815600
591,2022-05-26,17.06,17.12,16.84,17.04,2690700
592,2022-05-27,17.29,17.85,17.18,17.85,4910800
593,2022-05-30,17.96,17.96,17.68,17.93,2244200
594,2022-05-31,17.79,17.85,17.68,17.71,2348500
595,2022-06-01,17.85,17.85,17.46,17.46,3523400
596,2022-06-02,17.96,18.21,17.79,17.79,3745600
597,2022-06-03,17.89,17.96,17.47,17.75,1409500
598,2022-06-06,17.75,17.93,17.68,17.75,1698800
599,2022-06-07,17.75,17.75,17.05,17.51,2255000
600,2022-06-08,17.47,18.03,17.3,18.03,4494800
601,2022-06-09,18.1,18.17,17.58,18.07,3388400
602,2022-06-10,17.68,18.1,17.65,17.68,2278300
603,2022-06-13,17.54,17.54,16.7,16.77,3830300
604,2022-06-14,16.77,17.16,16.49,16.91,2049600
605,2022-06-15,17.16,17.19,16.21,16.56,3633100
606,2022-06-16,16.56,16.91,16.56,16.91,1925600
607,2022-06-17,16.49,16.73,16.03,16.21,3160900
608,2022-06-20,16.21,16.49,16.0,16.07,3956000
609,2022-06-21,15.79,16.28,15.79,16.14,2676500
610,2022-06-22,16.28,16.77,16.28,16.66,2532000
611,2022-06-23,16.42,16.73,16.17,16.66,2140900
612,2022-06-24,16.63,16.84,16.49,16.7,1588100
613,2022-06-27,16.7,16.94,16.59,16.8,2447600
614,2022-06-28,16.7,17.4,16.63,17.19,2995800
615,2022-06-29,16.98,17.19,16.84,16.98,1960600
616,2022-06-30,17.19,17.19,16.8,16.84,2088400
617,2022-07-01,16.73,16.87,16.49,16.87,1851900
618,2022-07-04,17.12,17.19,16.84,17.02,1823900
619,2022-07-05,17.16,17.26,17.02,17.16,2991000
620,2022-07-06,17.12,17.19,16.56,16.98,2017800
621,2022-07-07,17.05,17.19,16.91,16.94,2496700
622,2022-07-08,16.98,17.12,16.84,16.84,2016000
623,2022-07-11,16.73,16.84,16.49,16.49,1634700
624,2022-07-12,16.56,16.84,16.49,16.84,728100
625,2022-07-13,16.84,17.12,16.7,16.84,2126200
626,2022-07-14,16.7,16.94,16.7,16.87,1429400
627,2022-07-15,17.02,17.16,16.84,16.84,2642300
628,2022-07-18,16.91,16.98,16.77,16.77,2425000
629,2022-07-19,16.77,16.8,16.7,16.77,1507000
630,2022-07-20,16.91,17.09,16.77,17.05,3039300
631,2022-07-21,17.05,17.47,16.98,17.3,4313000
632,2022-07-22,17.3,17.4,17.09,17.09,2039400
633,2022-07-25,16.98,17.12,16.77,16.87,1850700
634,2022-07-26,16.84,17.02,16.84,16.87,1484900
635,2022-07-27,16.84,16.98,16.8,16.98,890000
636,2022-07-28,17.33,17.33,17.12,17.16,3347500
637,2022-07-29,17.23,17.33,17.16,17.26,3817300
638,2022-08-01,17.3,17.54,17.19,17.54,4455500
639,2022-08-02,17.54,17.58,17.33,17.47,3391300
640,2022-08-03,17.54,17.58,17.33,17.51,6081900
641,2022-08-04,17.54,17.72,17.47,17.54,4390100
642,2022-08-05,17.54,17.54,17.19,17.44,3272800
643,2022-08-08,17.4,17.54,17.3,17.37,3202100
644,2022-08-09,17.47,17.54,17.33,17.51,3553300
645,2022-08-10,17.51,17.58,17.37,17.44,1987700
646,2022-08-11,17.54,17.61,17.33,17.37,3442200
647,2022-08-12,17.33,17.44,17.26,17.4,1460000
648,2022-08-15,17.47,17.65,17.4,17.51,3154600
649,2022-08-16,17.47,17.51,17.3,17.44,3234500
650,2022-08-17,17.51,17.54,17.44,17.51,3350600
651,2022-08-18,17.51,17.72,17.4,17.65,5981500
652,2022-08-19,17.65,17.65,17.4,17.44,1909000
653,2022-08-22,17.4,17.4,17.26,17.3,2239300
654,2022-08-23,17.09,17.4,16.98,17.4,2385000
655,2022-08-24,17.33,17.47,17.3,17.44,2704900
656,2022-08-25,17.44,17.54,17.37,17.54,3631800
657,2022-08-26,17.61,17.75,17.37,17.4,3878700
658,2022-08-29,17.16,17.33,17.05,17.23,3218300
659,2022-08-30,17.26,17.44,17.23,17.23,2016400
660,2022-08-31,17.23,17.37,17.23,17.3,1967000
661,2022-09-05,17.23,17.37,17.16,17.19,2307700
662,2022-09-06,17.19,17.33,17.16,17.3,2405200
663,2022-09-07,17.19,17.26,17.05,17.05,3214400
664,2022-09-08,17.12,17.16,16.84,16.84,2080700
665,2022-09-09,16.98,16.98,16.66,16.84,2227900
666,2022-09-12,16.84,16.98,16.66,16.66,1416163
667,2022-09-13,16.77,16.84,16.56,16.7,1486664
668,2022-09-14,16.49,16.56,16.38,16.49,2113996
669,2022-09-15,16.56,16.56,16.45,16.52,1595118
670,2022-09-16,16.49,16.56,16.21,16.24,2125534
671,2022-09-19,16.24,16.28,15.93,16.03,2564500
672,2022-09-20,16.07,16.1,15.86,16.07,1912949
673,2022-09-21,16.03,16.03,15.86,15.86,1295851
674,2022-09-22,15.79,16.0,15.79,16.0,1831367
675,2022-09-23,15.89,16.1,15.86,15.86,1469851
676,2022-09-26,15.72,15.79,15.3,15.58,4550765
677,2022-09-27,15.58,15.75,15.51,15.72,1472619
678,2022-09-28,15.47,15.61,15.4,15.44,2515887
679,2022-09-29,15.54,15.54,15.37,15.44,3857767
680,2022-09-30,15.44,15.75,15.33,15.58,4224536
681,2022-10-03,15.47,15.65,14.95,15.16,3661299
682,2022-10-04,15.23,15.4,14.73,14.73,3474571
683,2022-10-05,14.8,15.05,14.59,14.59,3258561
684,2022-10-06,14.63,14.88,14.03,14.03,2851382
685,2022-10-07,13.72,13.96,13.05,13.09,8488826
686,2022-10-10,12.77,13.4,12.77,13.12,6476351
687,2022-10-11,13.12,13.12,12.24,12.28,6437148
688,2022-10-12,12.56,13.12,12.49,13.12,3369758
689,2022-10-13,13.12,14.0,12.98,14.0,3904225
690,2022-10-14,14.38,14.66,14.17,14.63,3141938
691,2022-10-17,14.24,14.73,14.21,14.7,3758133
692,2022-10-18,14.95,15.09,14.8,15.02,2769943
693,2022-10-19,15.16,15.16,14.73,14.8,1447729
694,2022-10-20,14.8,15.09,14.52,14.98,4025173
695,2022-10-21,14.98,14.98,14.21,14.31,3387430
696,2022-10-24,14.35,14.38,13.47,13.68,2800249
697,2022-10-25,13.82,14.63,13.44,14.31,4929285
698,2022-10-26,14.45,14.66,14.17,14.49,2170486
699,2022-10-27,14.52,15.47,14.38,15.47,4850442
700,2022-10-28,15.72,15.82,15.47,15.65,3555046
701,2022-10-31,15.68,15.79,15.19,15.72,3749851
702,2022-11-01,15.79,16.14,15.68,15.75,3357810
703,2022-11-02,15.72,15.75,15.3,15.3,3540680
704,2022-11-03,15.09,15.44,14.98,14.98,3281353
705,2022-11-04,14.98,15.02,14.0,14.14,12618670
706,2022-11-07,14.66,14.73,14.17,14.49,4911998
707,2022-11-08,14.45,15.26,14.14,14.95,4069171
708,2022-11-09,15.02,15.23,14.52,14.56,3280774
709,2022-11-10,14.49,14.66,13.68,14.03,5466448
710,2022-11-11,14.52,14.88,14.35,14.59,4327549
711,2022-11-14,14.38,14.52,14.0,14.24,5259075
712,2022-11-15,14.21,14.35,13.4,13.4,6566069
713,2022-11-16,13.26,14.31,12.56,14.31,7401581
714,2022-11-17,14.59,14.98,14.59,14.77,4307090
715,2022-11-18,14.59,15.05,14.45,14.84,3539064
716,2022-11-21,14.88,14.88,14.45,14.45,2280525
717,2022-11-22,14.31,14.98,14.28,14.28,4429308
718,2022-11-23,14.31,14.7,14.28,14.49,2553956
719,2022-11-24,14.45,14.88,14.31,14.73,2308018
720,2022-11-25,15.09,15.09,14.77,15.09,2832003
721,2022-11-28,15.16,15.61,15.12,15.61,5245203
722,2022-11-29,15.61,15.61,15.23,15.54,3945669
723,2022-11-30,15.61,15.75,15.3,15.51,4121813
724,2022-12-01,15.65,16.03,15.44,15.79,6816917
725,2022-12-02,15.79,16.49,15.54,16.49,4796603
726,2022-12-05,16.52,16.84,16.28,16.56,4719103
727,2022-12-06,16.56,16.66,15.65,15.65,5161772
728,2022-12-07,15.79,15.79,15.26,15.65,3297157
729,2022-12-08,15.75,16.7,15.51,15.89,4799496
730,2022-12-09,15.96,16.28,15.75,16.17,3322163
731,2022-12-12,16.17,16.35,15.79,15.79,3184172
732,2022-12-13,15.72,16.17,15.61,16.17,2695070
733,2022-12-14,16.21,16.45,15.96,16.24,3294738
734,2022-12-15,16.14,16.49,16.14,16.28,4116001
735,2022-12-16,16.14,16.42,16.03,16.14,2221946
736,2022-12-19,16.07,16.31,15.96,15.96,3384971
737,2022-12-20,15.96,16.07,15.58,15.82,2569365
738,2022-12-21,15.86,16.14,15.65,16.0,1888423
739,2022-12-22,16.14,16.14,15.96,16.07,1959813
740,2022-12-23,16.07,16.07,15.65,16.07,1736555
741,2022-12-26,16.07,16.07,15.51,15.51,1779728
742,2022-12-27,15.51,15.86,15.44,15.51,2041994
743,2022-12-28,15.51,15.75,15.4,15.44,1827577
744,2022-12-29,15.44,15.72,15.3,15.44,1810363
745,2022-12-30,15.44,15.58,15.3,15.37,1340931
